id,title,text,date,source,classification
70e74f2b49aa241e1264a79a9959dec6,Eight seriously injured after bus collided with stationary truck in Goregaon,"Mumbai: At least eight people were seriously injured after a bus collided with a stationary truck on Sewri-Dindoshi route early on Friday. The BEST bus and truck accident on Western Express Highway near Vanrai Police Station, five passengers injured in Mumbai.(Satish Bate/ HT Photo)

The injured included the driver and conductor of the bus, which belonged to Brihanmumbai Electric Supply and Transport (BEST),

Know the latest trending news with HT. Read detailed articles here

BEST spokesperson Sudas Sawant said, “When the bus arrived near Vanrai police station in Goregaon, a private car suddenly came in front of the bus from the service road. The bus driver lost control of the vehicle and hit a stationary truck parked on the left side of the road.”

There were fewer passengers in the bus since it was early morning.

The left portion on the front side of the bus was severely damaged. The injured were taken to Jogeshwari Trauma Care hospital for primary treatment.

The injured passengers were identified as Ashraf Sahid Husen (66), Sitaram Gaikwad (60) Bharti Mandavkar (56), Sudhakar Rewale (57), Pochiya Naresh Kanpochi (30) and Amit Yadav (35).",2025-07-11T12:19:24+05:30,Times of India,1
8c0e1f9c64b2b402b85411d10da6bc9f,Two people die in separate road accidents in Parel and Malad,"MUMBAI: Two people lost their lives in separate accidents in Parel and Malad on Friday. The tempo driver in the first incident and a car driver in the second were both booked for causing death by negligence. Two people die in separate road accidents in Parel and Malad

According to the police, the first accident took place on the Hindmata Bridge in Parel. Harsh Yadav, 21, a college student and resident of Hari Om Nagar in Powai, picked up his friend and neighbour Vijay Yadav, 30, in his scooter. “They left on a Honda Activa Lalbaug to buy accessories for their Ganpati idol. When they reached the flyover around 2.30 pm, a speeding tempo tried to overtake them from the left.” The tempo collided with the scooter, causing it to skid to a halt.

Know the latest trending news with HT. Read detailed articles here

The tempo dragged for some distance the scooter with Harsh and Yadav before they fell on the road.

Vijay suffered serious injuries to his head and began losing blood on the spot. Harsh, also injured, tried to hail vehicles to help them get to the hospital. Many cars did not stop for a long time and by the time one finally did, it was too late. “Dr Priyanka Patil at the KEM hospital examined Vijay at the accident ward and declared him dead before arrival,” said a police officer. The Bhoiwada police registered a case against the unidentified tempo driver under sections 106 (causing death by negligence) and 281 (rash driving or riding on a public way) of the Bharatiya Nyaya Sanhita (BNS), 2023 and relevant sections of the Motor Vehicles Act at the Bhoiwada police station.

In the second incident, Brijesh Gupta, a 45-year-old sweeper, was working at the Auris Serenity building in Kanchpada, Malad, when a car knocked him down. “Prima facie, it looked like the driver accidentally pressed the accelerator and hit the sweeper due to the resultant jerk,” said a police officer. The driver took Gupta to a nearby hospital. The building’s watchman later dropped Gupta off at his house in Laljipada, where he breathed his last.

The accused driver was identified as Ashok Gupta. The Malad police booked Ashok under section 106 (causing death by negligence) of the BNS.",2025-06-29T07:12:15+05:30,Times of India,1
ce6c0829cbde23886d3e483083781082,Driver killed as taxi falls into Mandi gorge,"A 20-year-old taxi driver was killed after his vehicle fell into a 200-metre gorge near Sarachi in Seraj area of Himachal’s Mandi district on Tuesday, police said. Mangled remains of the car after the accident in Mandi on Tuesday. (Birbal Sharma/HT)

The deceased was identified as Bhupendra Kumar, a resident of Dhar Jarol village in Janjheli, Thunag tehsil in Mandi. According to reports, the incident occurred around 1 am when Singh was returning home after dropping off passengers in Pandoh.

Know the latest trending news with HT. Read detailed articles here

According to the information available, Bhupendra had gone to Pandoh on Monday to drop off a passenger. While returning via Kalhani, he lost control over the vehicle, which led to the mishap.

After hearing the crash sound, locals rushed to the site. However, by the time they reached the vehicle and pulled the victim out, he was dead.

Police later sent the body for a postmortem, after which it was handed over to the family. A probe was launched to determine the exact cause of the accident, police said.",2025-05-21T09:10:09+05:30,Times of India,1
c181bac97c9f69453b3ae39c952e711e,Five dead as car plunges into dry riverbed near Khed,"Mumbai: Five persons were killed and two others were injured when their speeding car plunged into a dry riverbed in Ratnagiri district in the early hours on Monday. The group was on its way to Devrukh in Ratnagiri to attend a funeral. Local residents and the police rescued the passengers from the mangled vehicle (Screengrab from video)

According to the police, the group of seven passengers from two families left for Ratnagiri from the Indraprasth building in Poonam Sagar complex in Mira Road around 11.30pm on Sunday. They were travelling in a seven-seater car via the Mumbai-Goa highway. Between 5am and 5.30am on Monday, while the car was crossing the Jugbudi river bridge near Khed, it went out of control and crashed into the side wall before plunging into the gap between two carriageways of the bridge.

Know the latest trending news with HT. Read detailed articles here

Local residents and the police rescued the passengers from the mangled vehicle and rushed them to the hospital where five persons were declared dead on arrival. They were identified as Megha Paradkar, 42, Saurav Paradkar, 22, Mitali More, 45, Nihar More, 19 and Shreyas Sawant, 25.

Parmesh Paradkar, 51, who was driving the car, sustained severe injuries and is under treatment while Vivek Shriram More, 47, suffered minor injuries. The latter told the police that they were travelling to Devrukh to attend the last rites of his father-in-law.

“We have registered a case of accidental death (ADR) and are investigating the matter,” said an officer from the Khed police station.

Win exciting prizes daily View T&C Back Q. Which Indian city has the best quality of living? Delhi Mumbai Bengaluru Please wait a moment.

Ranvir Bajpai, a neighbour of the deceased and a Bhartiya Janta Party (BJP) leader, said the entire housing complex in Mira Road was saddened by the sudden deaths. Parmesh Paradkar, who was driving the car, was a resident of Nalasopara and a family friend of the Mores who reside in the Indraprasth building, he said.

“On Sunday night, Parmesh Paradkar, his wife Megha and relative Saurav had picked up the Mores from their residence and set out for Ratnagiri,” said Bajpai. “After we heard the news of their accident, we informed the relatives of the Mores in Ratnagiri. They visited the spot and arranged to bring the bodies of the deceased to Mira Road.”

The last rites of the five deceased would be performed in Mira Road on Monday night, he said.

Meanwhile, in videos of the accident circulating on social media, local engaged in rescue efforts are heard saying that at least 14 accidents had occurred at the same spot on the bridge in the past one year due to a flaw in design. When speeding vehicles pass the spot, they tend to bounce due to which drivers lose balance and plunge into the gap between two carriageways which is not visible from a distance, the locals are heard saying.

“After seeing the videos, we have sent letters to the concerned authorities to rectify the blackspot and avoid more loss of lives,” said Bajpai.

Vaibhav Khedekar, a Maharashtra Navnirman Sena (MNS) leader from Khed, told HT that he had participated in a protest against frequent accidents at the spot in 2019.

“When some civic officials visited the protest site, we explained to them what the problem was in detail. But since they were unwilling to acknowledge it, we tied up one the officials,” said Khedekar. He was imprisoned for a month and a half later for tying up the civic official and released after he moved the high court, he said.

Dhananjay Kulkarni, Superintendent of Police in Ratnagiri, said the entire stretch of road near the accident spot was accident prone.

“We installed blinkers and radium lights along the route today. We also barricaded the sides of the bridge with concrete blocks which will serve as early warning for speeding drivers speeding,” he said.",2025-05-20T06:16:14+05:30,Times of India,1
8e997270ee1356f8bfd87a1849bdf939,Speeding truck mows down people assisting accident victims in Rajasthan,"Four people assisting victims of a road accident were killed and eight others injured when a speeding truck hit them in Dungarpur district of Rajasthan, police said on Sunday. The injured were rushed to a hospital at Sagwara in Dungarpur, where four people were declared dead.(Representative Image)

The incident occurred under Sabla police station limits at around 11.30 pm on Saturday, they said.

Know the latest trending news with HT. Read detailed articles here

According to Sabla Station House Officer (SHO) Raghuveer Singh, a jeep carrying a family returning from a wedding veered off the road near the Pindawal Hilawadi bus stand on Saturday night, leaving some of the passengers with minor injuries.

Locals gathered at the accident site. While they were shifting the injured into an ambulance, a speeding truck first rammed into an electricity pole before hitting some of the people.

""During the rescue efforts, a speeding truck lost control and hit the people standing nearby. The impact of the accident was severe. Three motorcycles were trapped beneath the truck,"" SHO Singh said.

The injured were rushed to a hospital at Sagwara in Dungarpur, where four people were declared dead.

The deceased have been identified as Luvji Patidar, Dayalal Patidar, Savita Patidar and Bhavesh Patidar. They were returning from a wedding ceremony and had stopped to help the jeep accident victims, the SHO said.",2025-05-18T15:08:54+05:30,Times of India,1
f8ba2448d432d7e98893dd14d11bab24,Accident near University of Delaware shuts down East Main Street in Newark,"An accident near University of Delaware in Newark shut down the busy East Main Street, starting at the South Chapel Street intersection, on Tuesday. In response, drivers have been asked to avoid the area and seek alternate routes. An accident near University of Delaware in Newark shut down the busy East Main Street.(UnSplash)

“The City of Newark is advising motorists of a road closure in the area of East Main Street starting at South Chapel Street. Motorists are encouraged to avoid the area and seek alternate routes,” Newark Delaware Police Department said in a statement.

Know the latest trending news with HT. Read detailed articles here

The incident took place around 4:30 p.m. According to CBS News, multiple people were struck by a car near the University of Delaware's campus. The collision site was near several downtown businesses, including a Chipotle and a Five Guys.

This is a breaking news story and will be updated with more information",2025-04-30T03:14:46+05:30,Times of India,1
4cc2cd3ce527c841275301a200c5ae7f,"3 Gujarat policemen killed, cop injured in Haryana road accident","Rohtak/Bathinda: Three Gujarat Police personnel were killed and an assistant sub-inspector was injured when their SUV collided with another vehicle on the Dabwali-Chautala road in Sirsa district on Wednesday, police said. Three Gujarat Police personnel were killed and a cop was injured when their SUV collided with a vehicle on the Dabwali-Chautala road in Sirsa district on Wednesday. (HT Photo)

The victims were identified as assistant prosecution officer Sunil Kumar, sub inspector Jayender Singh and head constable Prakash Bhat, all posted at Ahmedabad city police station.

Know the latest trending news with HT. Read detailed articles here

Dabwali Sadar station house officer Braham Prakash said that the incident took place around 5.30am when the Mahindra Bolero in which the Gujarat Police team was travelling collided with another vehicle.

The three Gujarat Police personnel died on the spot, while JP Solanki, a probationary sub inspector, was rushed to All India Institute of Medical Sciences (AIIMS), Bathinda.

The SHO said CCTV cameras near the accident site are being checked to get details of the vehicle with which the Bolero collided. The FIR would be registered after recording the statement of injured policeman, who is stated to be out of danger.

“We have recovered the numberplate of a truck bearing a Punjab registration number and are verifying it with the help of Punjab Police,” he said.

The SHO said that the team of Gujarat Police was on its way to Ludhiana to investigate a case under the Protection of Children from Sexual Offences (POCSO) Act when the accident occurred in Sirsa district in the morning.",2025-03-26T13:52:59+05:30,Times of India,1
194709b33e4eb5342e90b91d0c1847ec,"10 IIT students injured as vehicle falls into gorge in Sikkim, condition of three serious","Ten students of IIT (ISM) Dhanbad were injured after their vehicle plunged into a 100-foot-deep gorge in Sikkim's Mangan district, police said on Sunday. As per police, the accident happened near Pakshep in Forest Dara around 9:30 pm on Saturday when the students were travelling from Lachung to Gangtok. (Representative image)

The accident happened near Pakshep in Forest Dara around 9:30 pm on Saturday when the students were travelling from Lachung to Gangtok, they said.

Know the latest trending news with HT. Read detailed articles here

Also read: Why are Professional Development goals important, and how can you achieve them? Harvard shares tips

The driver, who was also injured, lost control of the vehicle, resulting in the accident, they added.

Among the students were four females.

Also read: Engineering student stabbed to death another injured in Saran; two held

Three of the injured were sent to a hospital in Gangtok as their conditions were serious, while the others received treatment in Mangan.",2025-03-16T15:17:33+05:30,Times of India,1
21eeae61e7946748ad0f17a3f305453d,"Three dead, 20 injured in bus-lorry collision in Andhra Pradesh's Eluru","At least three people died, and 20 others were injured after a private travel bus collided with a lorry and overturned near Chodimellu village in Eluru. The accident occurred in the early hours of Thursday, officials confirmed. The bus, which was traveling from Hyderabad to Kakinada, reportedly lost control due to overspeeding.(Representational photo)

The bus, which was traveling from Hyderabad to Kakinada, reportedly lost control due to overspeeding and crashed into a lorry carrying cement.

Know the latest trending news with HT. Read detailed articles here

The impact of the collision led to the immediate death of three passengers, while the others suffered varying degrees of injuries.

The injured were transported to Eluru Hospital for medical treatment. Among them, the bus driver remains in critical condition.

Confirming the incident, Eluru Rural Police stated, “Three people killed and 20 injured after a private bus collided with a lorry near Chodimellu village in Eluru. The bus was en route to Kakinada from Hyderabad.”

Authorities have launched an investigation into the cause of the accident, with preliminary findings pointing to overspeeding as the primary factor. The identities of the deceased passengers are yet to be confirmed.

Another fatal accident in Andhra

In a separate incident, three more lives were lost in a lorry accident in the YSR district of Andhra Pradesh. The mishap occurred on Maddimadugu Ghat Road in Chintakomma Dinne Mandal when a lorry carrying fish feed from Bengaluru to Eluru suffered a brake failure.

Losing control, the vehicle plunged 50 feet into a valley, resulting in the death of both the driver and the cleaner. The deceased were identified as Sambayya and K Vivekananda Reddy from Kappakuntapalle in Chakrayapet mandal. While the driver was killed on the spot, the cleaner succumbed to his injuries at the hospital. The impact of the crash caused the lorry to split into three parts.

Authorities have urged motorists to exercise caution while driving, especially on high-speed highways and ghat roads. Investigations into both accidents are ongoing.",2025-03-06T10:06:43+05:30,Times of India,1
3780802e00bcb45ae089fc777f79ef61,UP: 4 members of family killed in Etah district road accident,"Four members of a family, including two children, were killed and five injured when their car fell into a canal near Jarera village, a police official said on Friday, According to a police officer on Friday, a family's automobile crashed into a canal close to Jarera hamlet, killing four of them—two of them children—and injuring five more.(Hindustan Times/representative )

The accident took place on Thursday night when the family was returning to Jalesar in Etah district from Aligarh after attending a marriage function.

Know the latest trending news with HT. Read detailed articles here

Also read: Caught on CCTV: Lucknow bike rider thrown into air after high-speed collision with car

The deceased include Bablu (45), his brother's wife Poonam (35), Poonam's daughters Kavya (3) and Bhumi (1), Superintendent of Police Chiranjeev Nath Sinha said.

The injured are being treated at the community health centre in Sikandra Rau.

The bodies of the deceased have been sent for postmortem, the SP said.",2025-02-14T11:46:04+05:30,Times of India,1
bab9ab9ff94daa916aee36672d110915,Man miraculously escapes unscathed after getting trapped between two buses. Video,"A terrifying incident has left netizens stunned after a man narrowly escaped being crushed between two buses. According to Times Now, the event occurred in Tamil Nadu and was captured on video, which has since gone viral on social media. A man in Tamil Nadu had a miraculous escape after being trapped between two buses. (X/@Venkatesh_G1324)

(Also read: Man survives crash with miraculous landing on pickup truck bonnet after hitting divider. Video)

Know the latest trending news with HT. Read detailed articles here

The video, shared on X (formerly Twitter), shows the man attempting to cross a road to board a bus when disaster struck. A second bus veered into the wrong lane, colliding with the first and trapping the man in between. Miraculously, he walked away from the ordeal with only a limp.

Take a look here at the video:

The video was shared with the caption: “A man got stuck between two buses while crossing the road in Pattukottai, Tamil Nadu. Fortunately, he escaped without any injuries and walked away limping. This is the miracle, this is the misfortune, this is his.”

Scooter rider’s astonishing survival

In another shocking incident caught on camera, a scooter rider narrowly escaped a potentially fatal accident after colliding with a ramp in front of a divider. Losing control of his vehicle, the rider was flung forward, landing on the bonnet of an oncoming pickup truck.

(Also read: Commuter looking into phone narrowly escapes death as speeding train arrives. Heart-stopping video)

The driver’s quick reflexes, slamming the brakes just in time, likely saved the rider’s life. In a moment that seemed straight out of a movie, the rider calmly climbed off the bonnet, surveyed the scene, and retrieved his fallen scooter.

Watch the clip here:

Netizens react with shock and relief

Both videos have sparked widespread discussion online, with users expressing disbelief at the miraculous escapes. One user commented, “This man is the luckiest person alive today.” Another wrote, “These incidents are a reminder of how unpredictable life can be.”",2025-01-25T14:33:24+05:30,Times of India,1
d21c92d9f13395aa8cf4bfd8f056921e,Death toll rises to 71 in Southern Ethiopia road accident,"The death toll from a road accident in southern Ethiopia has risen to at least 71, according to a local police official. At least 71 people have died in a vehicle accident in southern Ethiopia.(Unsplash/representational)

In a Facebook post late Sunday, the Sidama Police Commission Traffic Prevention and Control Directorate said that ""68 males and three females are known to have died in the accident so far"", citing Chief Inspector Daniel Sankura.

Know the latest trending news with HT. Read detailed articles here

The police commission said the incident occurred at around 5:30 pm local time (1430 GMT) when the vehicle plunged off a road and into a river.

Also read: Uma Thomas MLA still critical: Police book organisers for safety lapses

The post added that ""two others have sustained heavy physical injuries"", but did not detail any further information about the number of passengers onboard at the time of the incident.

The accident occurred in Sidama state -- some 300 kilometres (180 miles) south of the capital Addis Ababa -- in the Eastern Zone, in Bona Zuria Woreda.

Blurred images shared by the health bureau earlier showed a mass of people surrounding a vehicle, partially submerged in water, with many seemingly attempting to help pull it from the waters.

Also read: South Korea plane crash: What led to the deadly Jeju Air aircraft accident?

Other images shared by the bureau appeared to show bodies, some covered in blue tarpaulin, lying on the ground.

Road accidents are common in Ethiopia, Africa's second most populous nation, where roads are often poorly maintained.",2024-12-30T12:26:42+05:30,Times of India,1
e18a44613a0712121ddaa94f8d975942,Jaipur gas tanker crash: CCTV shows fire sweeping nearby property moments after accident | Video,"CCTV video at a property near the spot where a gas tanker collided with other vehicles on Jaipur -Ajmer highway in Rajasthan showed fire engulfing the premises within seconds and leaving a trail of destruction. Firefighters at the site of the accident after a truck loaded with a chemical collided with some other vehicles and caught fire on the Jaipur-Ajmer Highway.(PTI)

Other visuals showed smoke engulfing a street after the tanker collided with other vehicles, leading to a blast and fire.

Know the latest trending news with HT. Read detailed articles here

The deadly collision that killed at least seven people and injured over 35 people turned a stretch of the Jaipur-Ajmer highway into an inferno on Friday morning, as over 30 vehicles were up in flames with thick black smoke arising from them filling the sky. The incident happened near a petrol pump.

Officials said there are chances that some people could not get out of their vehicles and were charred inside.

As per witness accounts, flames were visible from nearly a kilometre away as ambulances and fire brigade vehicles rushed towards the crash zone.

Rajasthan health department officials told news agency PTI that seven people died in the crash while more than 35 were injured.

Police said the situation will become clear once all the vehicles are thoroughly checked.

Amit Shah speaks to Rajasthan CM

Rajasthan Chief Minister Bhajan Lal Sharma and Health Minister Gajendra Singh Khimsar rushed to the SMS Hospital, where the injured were admitted.

Sharma spoke to administration officials and doctors and issued directions to ensure proper treatment was facilitated. He also visited the accident site and spoke to police officials.

Home Minister Amit Shah also spoke to the Rajasthan chief minister and took stock of the situation.

In a post in Hindi on X, the chief minister said, ""Deeply saddened to hear the news of casualties in the gas tanker fire incident on the Jaipur-Ajmer National Highway.

As soon as the information about the incident came, I went to the SMS Hospital and directed the doctors there to provide immediate necessary medical facilities and take proper care of the injured.""

Jaipur Police Commissioner Biju George Joseph and other officials of the department were at the spot on the highway.

Khimsar told reporters that nearly half of the injured brought to the hospital were in very critical condition.

""All doctors, resident doctors and nursing staff were called in to manage the situation. Another ward has been opened so that patients can be accommodated. Some people got primary treatment in nearby hospitals,"" he said.

The Jaipur Police has issued the helpline numbers 9166347551, 8764688431 and 7300363636 for people to get in touch for inquiries or relevant information.",2024-12-20T14:07:53+05:30,Times of India,1
dc95b8674609bc9d75244318a4349589,Mumbai: Death toll rises to 8 in Kurla BEST bus accident as man succumbs to injuries,"A 55-year-old man, who was among the several persons injured in the BEST bus accident in Kurla area of Maharashtra's Mumbai, died on Monday morning, taking the death toll to eight, a civic official said. Sanjay More, who was intoxicated when he drove the BEST bus that killed eight people, swerved into the busy market at an unsafely high speed and struck stopped and moving cars, including a police jeep.(PTI)

The electric bus, hired by the civic-run Brihanmumbai Electric Supply and Transport (BEST) undertaking on wet-lease basis, ploughed into a crowd and fatally knocked down seven persons and injured 42 others on a crowded road in Kurla area on December 9.

Know the latest trending news with HT. Read detailed articles here

In addition, the accident caused damage to a number of other vehicles.

According to a Brihanmumbai Municipal Corporation (BMC) official, one of the injured, Fazlu Rehman, passed away on Monday morning while receiving treatment at the Sion Hospital.

A five-person team appointed by BEST has been formed to look into the Kurla accident.

Police are holding 54-year-old driver Sanjay More on suspicion of reckless driving.

It also said that BEST would provide ₹2 lakh each to the families of those who lost their lives and bear treatment expenses of the injured.

BEST administration has claimed that More received three days' training before he was allowed to drive the electric bus.

RTO authorities believe the accident, which was one of the most horrifying involving BEST buses in recent memory, may have been caused by human error and inadequate training for operating buses with automatic transmissions.

Win exciting prizes daily View T&C Back Q. Which Indian city has the best quality of living? Delhi Mumbai Bengaluru Please wait a moment.

A police officer and jail guard were arrested in Navi Mumbai for taking a bribe from an inmate's brother

A police officer and a senior jail official are facing charges for allegedly receiving and demanding a bribe to cease harassing a prisoner's relative in Navi Mumbai.

Police have filed a case against Taloja Jail senior officer Nivrutti Maneji Kannewad and constable Rahul Parmeshwar Garad under the Prevention of Corruption Act in response to a complaint, an officer stated.

He stated that the complainant, whose brother is a prisoner at Taloja Jail, was reportedly asked to pay the two a bribe of ₹10,000.

The complainant claimed that the two defendants at Taloja Jail had harassed his brother. According to reports, as the prisoner was taken to court for procedures, the abuse intensified.

Also read: Worker dies after grinder pulls him in at food stall in Mumbai

According to the official, the detainee told his brother at a meeting that the two authorities had asked for ₹10,000 in order to end the harassment.

He stated that after looking into the accusation, the Anti-Corruption Bureau discovered that the two had taken the bribe money on Saturday.",2024-12-16T11:37:22+05:30,Times of India,1
da5f41a84a1e29c4696ff455293fe46c,Man survives crash with miraculous landing on pickup truck bonnet after hitting divider. Video,"A chilling video has gone viral on social media, capturing a scooter rider’s astonishing escape from what could have been a tragic accident. The 10-second clip, shared by X user Mikku, has left viewers both stunned and relieved as they witness the man’s extraordinary luck and calm demeanour. A scooter rider narrowly escaped disaster, landing on a truck's bonnet after losing control. (X)

Scooter rider loses control, lands on pickup truck bonnet

The incident occurred when the rider, navigating a scooter, struck a ramp built in front of a divider, causing him to lose control. As his scooter skidded out of his grasp, he was thrown forward, landing squarely on the bonnet of an oncoming pickup truck. The driver’s quick reflexes in slamming the brakes averted a potentially fatal collision.

Know the latest trending news with HT. Read detailed articles here

(Also read: Commuter looking into phone narrowly escapes death as speeding train arrives. Heart-stopping video)

In an almost surreal moment, the rider calmly climbed off the bonnet, surveyed the scene, and walked back to retrieve his fallen scooter. His composed reaction left onlookers and social media users in disbelief, as the entire episode unfolded as though it were a scene from an action movie.

Watch the clip here:

Social media reacts: “Unbelievable luck!”

The video has amassed over three lakh views, with users expressing a mix of astonishment, relief, and humour.

One user marvelled at the rider's luck, commenting, “This man must have a guardian angel! Unbelievable how he walked away like that.” Another remarked on the driver’s swift reaction, noting, “Kudos to the pickup driver for being alert. This could’ve ended so badly.”

(Also read: Audi goes on rampage in Ahmedabad, drunk driver filmed smoking inside after crash)

While some were impressed by the rider’s composure, others joked about his nonchalant attitude. “He’s walking away like he does this every day,” quipped one user, while another wrote, “Is this man secretly a stunt double?”

Some users turned their attention to the infrastructure issue, pointing out the ramp as a hazard. “Why is there a ramp in front of a divider? This could have caused so many accidents,” one user criticised. Another said, “This is a classic case of poor road planning.”",2024-11-30T11:04:02+05:30,Times of India,1
84db64c900eb1daa6fae2c321e21a4f0,Disturbing video shows KSRTC bus run over woman in Karnataka's Tumakuru,"A woman was critically injured after being run over by a state-owned Karnataka State Road Transport Corporation (KSRTC) bus while crossing the road near the bus terminal in Tumakuru, located 70 km from Bengaluru. Eyewitnesses claimed the KSRTC bus was allegedly speeding (Representational Image)

A video posted on the social media platform X by a Karnataka portfolio could not be independently verified by HT Digital. According to the post, eyewitnesses claimed the KSRTC bus was allegedly speeding when the woman, apparently unaware of the approaching vehicle, stepped onto the road. As see in in the video, the collision was severe and resulted in critical injuries to the woman.

Know the latest trending news with HT. Read detailed articles here

Watch the video here:

Trigger warning: The following video contains distressing content. Viewer discretion is advised.

The post further claims that emergency services responded quickly, and rushed the woman to a nearby hospital, where she remains in critical condition.

(Also Read: On camera, state-run bus mows down bikers, crashes into cars on busy Bengaluru road)

Win exciting prizes daily View T&C Back Q. Which Indian city has the best quality of living? Delhi Mumbai Bengaluru Please wait a moment.

Recent accidents

A week ago, a 31-year-old Bengaluru techie was killed while navigating a crater-like depression on his scooter on Gear School Road in Kadubeesanahalli. Sai Raj Bilgundi, a resident of Kadubeesanahalli, was dragged along with his scooter for nearly 25 feet, Times of India reported.

In August, a similar incident from Bengaluru went viral, showing a Bangalore Metropolitan Transport Corporation (BMTC) bus mowing down two bikers and crashing into several cars on a busy road. The bikers sustained critical injuries.

According to the CCTV footage, the bus driver lost control, striking the bikers before colliding with a car and an SUV, causing significant damage. Although no lives were lost, the bikers were hospitalized. The incident reportedly occurred on the Hebbal flyover.

(Also Read: Bengaluru techie killed after being dragged by truck for 25 feet following scooter accident: Report)",2024-09-24T14:27:23+05:30,Times of India,1
1f34632bd0215d695bbdd0de18d41f59,"Driver killed, helper injured in truck accident in Bilaspur","An apple-laden truck overturned here in the early hours of Sunday, killing its driver while his helper sustained injuries, police said.The accident happened around 3 am near Garamoda on Kiratpur-Nerchowk four-lane section of the highway in Punjab-Himachal border, they said. According to police, the truck hit the divider, overturned on the road and skid to a halt a small distance away, with the apple boxes scattering on the road. (iStock)

Both the injured were rushed to All India Institute of Medical Sciences (AIIMS), Bilaspur where doctors declared the driver dead. The helper is undergoing treatment, police added.

Know the latest trending news with HT. Read detailed articles here

According to police, the truck hit the divider, overturned on the road and skid to a halt a small distance away, with the apple boxes scattering on the road. The truck was on its way to Punjab when the accident happened.

A case has been registered and investigation is underway, police said, adding that the driver and the helper are yet to be identified.",2024-08-19T00:35:21+05:30,Times of India,1
380549ba81f417dbf73f9e7f002e6f5d,Speeding dumper truck mows down 59-year-old woman in Kalina,"Mumbai: The police have arrested a 21-year-old dumper truck driver for mowing down a 59-year-old woman in Kalina, Santacruz East on Saturday afternoon. HT Image

The officials said the victim, identified as Lalitha Hanchate, was a househelp and was on her way to work towards the Kalina Market when the truck hit her from her left side at high speed, killing her on the spot.

Know the latest trending news with HT. Read detailed articles here

Hanchate lived with her grandson, Hitesh Jadhav, 15, and granddaughter, Priyal Jadhav, 12, at a rented house in Kalina. “Hanchate’s husband had died a few years ago. She was the only one who took care of the grandkids after her daughter died in an accident 10 years ago in Santacruz. The daughter was divorced and the father of the children does not keep in touch with them,” said an officer.

The news of her death has left everyone in the neighbourhood in shock. “Lalita was running her household by working very hard. She paid ₹4,500 per month and got her two grandchildren admitted to a private school in Kalina so that they receive a good education. The neighbours have now come together to help the children,” said Hanchate’s neighbour, Atul Krishna Gaikwad, 37, an employee at a private firm, who filed a police complaint at Vakola police station against the 21-year-old rash driver, Pawan Gajanan Chaugule, a resident of Devinagar area near IIT Powai.

Senior inspector Prakash Khandekar of the Vakola police station said, “We have registered an FIR under section 281 (rash driving) and 106 (1) (causing death of any person due to rash and negligent act) of the Bharatiya Nyaya Sanhita (BNS) against the dumper driver and arrested him.”

All the neighbours in Hanchate’s area gathered on Saturday to pool money to help the children continue their education and pay the rent for the home. “We will also meet the school principal and request the teachers to waive the fees. Few people are ready to take care of rent and we would provide them food,” said Gaikwad, who came to know about the accident at 1.30pm when the news of the incident spread in the neighbourhood..

“I was at home and some people in the area were talking about a woman from our neighbourhood being hit by a dumper at the junction on the road in front of Geeta Vihar Hotel. So I rushed to the accident spot and Hanchate’s grandson Hitesh also reached there,” added Gaikwad.

Hanchate was rushed to VN Desai Hospital where she was declared dead upon arrival. “The children are minor so one of her distant relatives lives in Karnataka and was informed about the incident and so they are on their way to Mumbai after that the hospital will hand over the body to them,” said Gaikwad.",2024-08-12T00:25:04+05:30,Times of India,1
ef16e37faf98697ed8d2fa18be2bd2e4,Ludhiana: Driver killed after truck rams into parked tractor,"A driver died after he rammed his over-speeding truck into a stationary tractor-trailer near Ladhowal toll barrier on the national highway on Monday morning after breaking the barricades. A tyre of the truck also burst in the accident. A driver died after he rammed his over-speeding truck into a stationary tractor-trailer near Ladhowal toll barrier on the national highway on Monday morning after breaking the barricades. (HT File)

The victim has been identified as Davinder Singh, 35, a resident of Gopal Nagar of Haibowal. On being informed the police reached the spot and initiated an investigation. The police suspect the truck driver broke the barricade intending to not pay the toll fee.

Know the latest trending news with HT. Read detailed articles here

Inspector Kulbir Singh, SHO at Ladhowal Police station, said that the impact of the accident was so strong that the truck driver died on the spot. It is suspected that the truck driver did not want to pay the toll fee due to which he crashed the vehicle into the toll barrier. After crossing the barrier, the tyre of the truck burst following which the driver lost control over the vehicle which crashed into a stationary tractor-trailer resulting in the driver’s death.",2024-08-05T23:12:28+05:30,Times of India,1
cc359a4a5ddd1ea6c4bc5d0d22c89144,"Woman, daughter killed in Hoshiarpur mishap","A 37-year-old woman and her daughter died after being hit by a car near the Harse Mansar area here, police said on Monday. Rekha Rani and her eight-year-old daughter, hailing from Himachal Pradesh’s Kangra, along with some other villagers were on Sunday night returning in a tractor-trailer after attending a fair at Baba Chingrawan, they said. An FIR has been registered at the Mukerian police station.

On their way, the vehicle stopped at the railroad crossing near the Harse Mansar area. Some passengers, including Rekha and Garima, got down from the tractor-trailer. While they were strolling nearby, a speeding car reversed and hit both. The girl died on the spot while Rekha succumbed to her injuries in a hospital.

Know the latest trending news with HT. Read detailed articles here

An FIR has been registered at the Mukerian police station, officials said, adding that further investigation is underway.",2024-08-05T20:39:24+05:30,Times of India,1
bf2597b1ac54cb125827ef4b50c03790,Duo on bike killed after being hit by PMPML bus,"Mahesh Bhausaheb Narwade (25) and Sagar Arun Kadam (19), were killed after the two-wheeler they were riding was hit by a speeding PMPML bus on the bridge between Chapekar Chowk to Mahavir Chowk in Chinchwad at around 9.45 on Saturday night. The bus driver, identified as Sambhaji Shankar Rashinkar (33), a resident of Bhima Koregaon has been arrested by the police and charged under BNS sections 106 (1) and 281 and relevant sections of the Motor Vehicle Act. (REPRESENTATIVE PIC)

According to the police, the driver lost control over the wheels leading to the accident. PSI Rahul Varkate, investigative officer in the case said that Sudhakar Narwade, the brother of the deceased lodged the FIR against the accused.

Know the latest trending news with HT. Read detailed articles here

The bus driver, identified as Sambhaji Shankar Rashinkar (33), a resident of Bhima Koregaon has been arrested by the police and charged under BNS sections 106 (1) and 281 and relevant sections of the Motor Vehicle Act.",2024-07-30T00:09:01+05:30,Times of India,1
82992943fee5f85232d5a355eb1f7589,2 killed to death by speeding truck in Greater Noida,"Noida: Two people were killed and one person was left with critical injuries after a speeding truck hit them while they sleeping beside a service road in Greater Noida’s Char Murti area on Wednesday night, police said on Thursday, adding that the truck driver did not bother to stop. The injured were rushed tonearby hospitals by locals, where two of them died while undergoing treatment and one was referred to a hospital in Delhi (Representative image)

“The deceased were identified as Puran Singh, 30, a resident of Mainpuri, and Vinod Kumar, 22, a resident of Badaun. Injured Shyam Singh, 28, a resident of Hathras, is undergoing treatment at a hospital in Delhi,” said Arvind Kumar, station house officer (SHO), Bisrakh police station.

Know the latest trending news with HT. Read detailed articles here

On Wednesday around 11.30pm, when Singh along with three to four people were sleeping on cots next to the service road near Char Murti in Bisrakh, Greater Noida, a speeding truck coming on the service lane from the Iteda roundabout rammed into their cots and escaped from the spot without stopping for a moment, the officer informed.

The injured were rushed tonearby hospitals by locals, where two of them died while undergoing treatment and one was referred to a hospital in Delhi.

The deceased worked as a crane, and recovery van drivers. They often slept beside the service road after parking their vehicles nearby. Two others, sleeping at a distance, however, escaped unhurt, said officers.

“After getting information from the hospital, a case of accident under relevant sections of Bharatiya Nyay Sanhita was registered at Bisrakh police station and CCTV cameras installed on the way to the spot were scanned,” the SHO said.

Win exciting prizes daily View T&C Back Q. Which Indian city has the best quality of living? Delhi Mumbai Bengaluru Please wait a moment.

“It is suspected that the truck driver lost control over the vehicle when the accident occurred. The registration number of the truck has been identified from Delhi through one of the CCTV camera footages, and efforts are underway to nab the driver, he added.",2024-07-26T00:35:33+05:30,Times of India,1
