id,title,intersection,severity,collision_type,vehicle_hitting,vehicle_hitted,multiple_vehicle,location,state,date,time,killed,injured,reference,pedestrian_involved,confidence
289b49692e94306c630d6cd388db7002,21-yr-old dies in second accident on Ghodbunder Rd,NA,Fatal,Rear end,NA,scooter,Yes,"Thane, India",Maharashtra,"July 13, 2025",night,1,0,HT Photo,No,High
60ad33fc14c7be2b5a866d4b945f0e7f,Man dies after falling from moving bus in Delhi; driver held,NA,Fatal,NA,bus,NA,No,"Kapashera area, southwest Delhi",Delhi,Saturday,afternoon,1,0,NA,No,NA
7237aa4cc9a2a206ed3250ebd95a75be,"5 dead, 1 critical as SUV carrying 6 falls into 600-feet gorge in Jammu and Kashmir’s Ramban",NA,Fatal,Single vehicle collision,SUV,NA,No,"Ramban district, Jammu and Kashmir",Jammu and Kashmir,NA,night,5,1,NA,No,NA
101f789acff9b38c73438b2e48551809,Truck topples during road inspection in Maharashtra's Beed | On video,Midblock,Non - fatal,Single vehicle collision,truck,NA,No,Beed’s Khadki area,Maharashtra,Wednesday,NA,0,0,PTI,Yes,High
ec8dcc6a8f14786d66bea06bc862ee17,4 dead as truck falls into gorge in Madhya Pradesh's Agrapani Chata,NA,Fatal,Single vehicle collision,truck,NA,No,Agrapani Chata area,Madhya Pradesh,Friday,night,4,2,Times of India,No,High
70e74f2b49aa241e1264a79a9959dec6,Eight seriously injured after bus collided with stationary truck in Goregaon,Service road,Non - fatal,Rear end,bus,truck,yes,"Western Express Highway near Vanrai Police Station, Goregaon",Mumbai,NA,morning,0,8,Hindustan Times,no,NA
995d9db292d599f777f1465331187557,"Car plunges off mountain near Rohtang Pass in Himachal's Kullu amid rain, 4 killed, 1 seriously injured",NA,Fatal,Single vehicle collision,car,NA,No,"Rohtang Pass, Kullu district, Himachal Pradesh",Himachal Pradesh,Sunday,NA,4,1,Hindustan Times,No,High
879543ee6b857566ca2ed91cd14576d5,"Groom among 8 killed as SUV rams into college wall in UP’s Sambhal; PM, CM express grief",Midblock,Fatal,Single vehicle collision,SUV,wall,No,Sambhal district,Uttar Pradesh,Friday,evening,8,2,NA,No,NA
eef4f73ca8747392225ee2ea9ba8702c,"4 killed as driver loses control, car hits divider on expressway in Maharashtra",Highway,Fatal,Single vehicle collision,car,divider,No,"Samruddhi Expressway, Washim district, Maharashtra",Maharashtra,Thursday,evening,4,1,NA,No,NA
493f729d8b6ad480f8006ba3412ebbd0,Bengaluru police officer killed in hit-and-run accident while transporting drug suspects,NA,Fatal,Rear end,truck,car,Yes,Bengaluru,NA,"June 24, 2025",night,1,NA,Hindustan Times,No,High
3718b6e6c394568e95033d86a3c0f9a6,Family of four dies in car accident in Karnataka's Tumakuru,Highway,Fatal,Head On,truck,car,Yes,"Kunigal bypass, Tumakuru district",Karnataka,Sunday,evening,4,0,NA,No,NA
8c0e1f9c64b2b402b85411d10da6bc9f,Two people die in separate road accidents in Parel and Malad,Bridge/Flyover,Fatal,Side swipe,tempo,scooter,No,Mumbai,Maharashtra,Friday,afternoon,2,1,Times of India,Yes,High
da50684fce728e5d74586dd1b88c7f59,"Gurugram man rams car into law student after dozing off while driving, held",Service road,Fatal,Single vehicle collision,car,pedestrian,No,Delhi-Jaipur Highway,NA,June 24,night,1,1,NA,Yes,NA
0013568fb90379f031d8b99934feecd7,"1 dead, 3 injured as sleepy driver rams car into trailer",Highway,Fatal,Rear end,car,trailer,No,"Mumbai-Goa highway, Raigad district",NA,NA,night,1,3,NA,No,NA
8c41c7bee3ca8207ba0dde5b9498f302,"Tragedy in Malihabad: Teen dies in mishap, friend ends life hours later",NA,Fatal,NA,truck,pedestrian,No,Malihabad,NA,NA,morning,1,NA,Times of India,Yes,NA
404dedc6df59baa7a7c1d0156f24e5a9,"Four, including infant, killed as car plunges into canal amid heavy rain in Haldwani",NA,Fatal,Single vehicle collision,car,NA,No,"Haldwani, Nainital district",Uttarakhand,Wednesday,morning,4,3,Hindustan Times,No,High
3de8e370eeb9ee04188aa92306d483ea,"Woman killed, family injured as landslide hits Uttarakhand's Badrinath highway",Highway,Fatal,NA,NA,car,NA,Uttarakhand's Chamoli district,Uttarakhand,NA,NA,1,2,ANI,NA,NA
35a78f0f2b522842041ab7ab714e12df,"One killed, 5 injured as SUV hits tempo in Himachal's Una",NA,Fatal,Head On,SUV,tempo,Yes,"Una district, Barnoh village",Himachal Pradesh,Sunday,NA,1,5,NA,No,NA
0eee3aee332ad9479e0a40b4d6ec9d9d,Man killed by speeding metro feeder bus in Delhi's Shastri Park,NA,Fatal,Hit and run,bus,pedestrian,No,Delhi,NA,NA,NA,1,0,ANI,Yes,High
ccaae6e7f6e0671c1e23ea30643d635a,Who is Amanda Kempton? Virginia woman charged in fatal hit-and-run that killed Netflix star Sara Burack,NA,Fatal,Hit and run,NA,NA,No,"Montauk Highway, near Villa Paul Restaurant in Hampton Bays, New York",New York,Friday,night,1,NA,Daily Mail,Yes,High
bbab6df161b7a40b77dc2a41fbefa854,"9 killed after SUV, truck collide heads-on in Bengal",Highway,Fatal,Head On,truck,car,Yes,Purulia district,West Bengal,Friday,morning,9,NA,NA,No,NA
a2c9dd1d342ebbd242f5510cae1cbdb5,"Patna police woman constable killed, 3 other cops injured as speeding car hits them: Report",Midblock,Fatal,Hit and run,SUV,pedestrian,No,Patna,Bihar,NA,night,1,3,Hindustan Times,Yes,High
3dad6b85afbda937c42cfaafd1764531,Pune: Woman riding pillion on scooter crushed to death by truck at traffic junction,Signalized,Fatal,Rear end,truck,scooter,Yes,Pune,NA,NA,morning,1,1,NA,No,NA
ea8b5347fdb74a3eae0737649a7d2826,"Country musician Conner Smith fatally hit pedestrian with truck. No charges now, but probe ongoing",NA,Fatal,Crossing (90degree),truck,pedestrian,No,Nashville,Tennessee,NA,evening,1,NA,NA,Yes,NA
09d36a8fed85816549990f18fb502e6e,Three decomposing bodies found in car fallen in nullah in Shahapur,Highway,Fatal,Single vehicle collision,car,NA,No,Mumbai-Nashik highway,Maharashtra,NA,night,3,0,Hindustan Times,No,High
558b72ad711c7448e378a81fc7a108a3,Narrow escape for Odisha minister after his vehicle collides with truck,NA,Property damage,Head On,truck,car,Yes,"Sandhapur Square, Banki Main Road, Cuttack district",Odisha,NA,NA,0,0,PTI,No,NA
a6db5b0a9e38dafb3bb79d7642a68713,Two trucks catch fire after collision on expressway near Ahmedabad,Highway,Non - fatal,Rear end,truck,truck,Yes,"National Expressway 1, Ahmedabad",Gujarat,Thursday,morning,0,1,NA,No,NA
1feccae58a21f9ef9b16cc77b610d4fc,"Nine killed, two injured as truck overturns on van in Madhya Pradesh's Jhabua",Bridge/Flyover,Fatal,Single vehicle collision,truck,van,Yes,Jhabua district,Madhya Pradesh,NA,night,9,2,NA,No,NA
0e83fad61698ed9d570d78697aafe73e,UP couple returning after distributing son's wedding card dies in road crash,NA,Fatal,Hit and run,NA,motorcycle,Yes,Bijnor district,Uttar Pradesh,Sunday,night,2,0,Times of India,No,High
318493ca2a3ce190ffe6a8da0e2a5a86,Man cheats death in bridge accident that looks straight out of a movie: ‘Tom Cruise’s stunt double’,Bridge/Flyover,Non - fatal,Side swipe,van,motorcycle,Yes,NA,NA,NA,NA,0,NA,NA,No,NA
12c0cdbf6479fc1ce10f1ce421931f4c,Six police personnel injured as vehicle falls into gorge,NA,Non - fatal,Single vehicle collision,NA,NA,No,Uroosa near the Line of Control in Uri,NA,NA,NA,0,6,Times of India,No,NA
be27542b84cb1ea1dcc4d77c33416519,Chandigarh: Scooterist dies 12 days after being hit by SUV,Signalized,Fatal,Rear end,SUV,scooter,No,"Sector 39/40 light point, Chandigarh",Chandigarh,May 10,NA,1,NA,Hindustan Times,No,High
e5ab078bd7a75ffd19e61b91a64ec9dd,Two lives snuffed out in separate road mishaps in Panchkula and Mohali,NA,Fatal,Rear end,car,"scooter, motorcycle",Yes,Panchkula and Mohali,Haryana,Wednesday,"night, morning",2,1,HT,No,High
ce6c0829cbde23886d3e483083781082,Driver killed as taxi falls into Mandi gorge,NA,Fatal,Single vehicle collision,NA,NA,No,Mandi district,Himachal,NA,night,1,0,Hindustan Times,No,NA
4c233a522539ec38657650b4c96664c3,ASI killed in high-speed car collision in Panchkula,Midblock,Fatal,Rear end,car,car,Yes,Panchkula,Haryana,Sunday,night,1,0,HT,No,High
c181bac97c9f69453b3ae39c952e711e,Five dead as car plunges into dry riverbed near Khed,Bridge/Flyover,Fatal,Single vehicle collision,car,NA,No,Ratnagiri,Maharashtra,Monday,morning,5,2,Times of India,No,High
c4f11b20caad4c94b0b35484e4b8da02,Three killed after bike collides with parked truck in Kaushambi,Highway,Fatal,Rear end,motorcycle,truck,Yes,Kaushambi district,NA,Sunday,morning,3,0,NA,No,NA
8e997270ee1356f8bfd87a1849bdf939,Speeding truck mows down people assisting accident victims in Rajasthan,Midblock,Fatal,Hit and run,truck,pedestrian,yes,Dungarpur district,Rajasthan,Saturday,night,4,8,NA,yes,NA
4e223c5014d31a2168b4e054771f71bc,"Caught on cam: Man runs SUV over security guard in Delhi, arrested",NA,Non - fatal,Hit and run,SUV,pedestrian,No,"Mahipalpur flyover, southwest Delhi",Delhi,Sunday,evening,0,1,PTI,Yes,High
9b4823ea23a9a042f6f1036fad1bdee3,UP: Road death victim found killed for ₹50 lakh insurance in Sambhal; 4 nabbed,NA,Fatal,Hit and run,car,pedestrian,No,Sambhal,Uttar Pradesh,"August 1, 2024",night,1,0,Times of India,Yes,High
415118f61db3bab6ba98971d5f976e5f,John Elway was drunk before golf cart accident? New party photos spark fresh concerns,NA,Fatal,Single vehicle collision,golf cart,NA,No,"La Quinta, California",California,last Saturday,evening,1,NA,Times of India,No,Low
38288224b87ebdb02119d324358d9ed1,"Jeff Sperbeck, John Elway’s longtime agent, dies after tragic golf cart accident",NA,Fatal,Single vehicle collision,golf cart,NA,No,La Quinta,NA,Saturday,NA,1,0,TMZ,No,High
f8ba2448d432d7e98893dd14d11bab24,Accident near University of Delaware shuts down East Main Street in Newark,NA,Non - fatal,NA,car,pedestrian,NA,Newark,Delaware,NA,evening,NA,NA,NA,Yes,NA
45c1d3d876a3247dc0a368323e42b263,Kai-Ji Adam Lo: Vancouver car-ramming suspect called police a day prior; details revealed,NA,Fatal,Single vehicle collision,car,pedestrian,No,Vancouver,British Columbia,Saturday,NA,11,Several,Reuters,Yes,High
9cd6b52b0540eda6807215a509509a5c,Jagmeet Singh ‘horrified’ after Lapu Lapu car-ramming incident days before Canada election,NA,Fatal,NA,car,pedestrian,No,Vancouver,NA,NA,evening,Yes,Yes,Times of India,Yes,NA
edc48aecfb6a8301e001a0dc023bbb7b,"Private bus hits flyover pillar in Maharashtra's Bhiwandi, 1 killed",Bridge/Flyover,Fatal,Single vehicle collision,bus,divider,No,"Mumbai-Nashik highway, Bhiwandi, Maharashtra",Maharashtra,NA,NA,1,10,NA,No,NA
210a0f3ad1d99953d7a5b95bb9cc21f0,"Pickup van mows down 6 sanitation workers on Delhi-Mumbai Expressway, 5 injured",Highway,Fatal,Single vehicle collision,van,pedestrian,No,Delhi-Mumbai Expressway near Ibrahim Bas village in Firozpur Jhirka,Nuh,Saturday,morning,6,5,NA,Yes,NA
17b0349c0b0aa3a107f7f1c1d9c8aef8,27-year-old man dies after his car gets crushed between two trucks on Mumbra bypass road,Highway,Fatal,Rear end,truck,car,Yes,Mumbra Bypass Road,Maharashtra,2025-04-22,night,1,0,Hindustan Times,No,High
01bec35138f5c134915a738a91e78157,"8 dead, 6 injured as SUV plunges off bridge in Madhya Pradesh",Bridge/Flyover,Fatal,Single vehicle collision,SUV,NA,No,Damoh district,Madhya Pradesh,NA,morning,8,6,NA,No,NA
d547591f25d988f94e8a2cd91324a7ac,"Punjab: 3-year-old mowed down by speeding SUV in Jalandhar, accused arrested",NA,Fatal,NA,SUV,pedestrian,No,Jalandhar,Punjab,Monday,NA,1,NA,NA,Yes,NA
9ae33e5721ee9b528a624782b601d130,"3 killed, 12 hurt as truck hits multiple vehicles on highway in Pune",Highway,Fatal,Multiple vehicle collision,truck,car,Yes,"Lonavla hill station, Maharashtra",Maharashtra,Sunday,night,3,12,NA,No,NA
adf10ba6db1e687b28bb1ecf0080d7c1,Family of four killed after their car rams into stationery truck in UP's Fatehpur,Highway,Fatal,Rear end,car,truck,Yes,Fatehpur district,Uttar Pradesh,Saturday,NA,4,2,NA,No,NA
64d873760b11dae2d434321849fabff2,"Bengaluru civic body truck driver, thrashed after boy’s death, dies in hospital weeks later: Report",NA,Fatal,NA,truck,two-wheeler,Yes,"Thanisandra Main Road, North Bengaluru",Karnataka,March 29,noon,2,NA,Deccan Herald,No,High
fb47b8fb36429bb3d10b787fd6820b95,"All on Joey Broom, John Clark and Jeffrey Little, Major League Fishing boat crash victims",NA,Fatal,NA,Nitro Bass boat,Center Console vessel,Yes,"Smith Lake, Cullman County, Alabama",Alabama,NA,NA,3,1,Times of India,No,NA
c09a55f1c6589e9e8b3c1abc89480e75,Cab driver dies after mob thrashes him over string of accidents in Ahmedabad,NA,Fatal,Single vehicle collision,car,NA,Yes,Ahmedabad,NA,NA,night,1,NA,Times of India,No,NA
7173033257688b69e405ce777ef26a5a,Three injured in multiple vehicle collision in Lucknow,Highway,Non - fatal,Rear end,"SUV, car, pickup van","car, pickup van",Yes,Lucknow-Sitapur National Highway,NA,Tuesday,NA,0,3,NA,No,NA
0aada15732e2e4e9e2da831d8423fdd6,Pakistan: Truck-coach collision in Khyber Pakhtunkhwa leaves 10 dead and 8 injured,Highway,Fatal,Head On,truck,coach,Yes,"Karak, Khyber Pakhtunkhwa",Khyber Pakhtunkhwa,NA,NA,10,8,ARY News,No,NA
c6b4048ae1d50f899a073e333ab300d6,One killed after MSRTC hits bike at Hindmata Bridge,Bridge/Flyover,Fatal,Rear end,bus,motorcycle,No,Mumbai,Maharashtra,"Apr 14, 2025",night,1,1,Hindustan Times,No,High
e467ee1eb1bdf15edb9b23bb53c1972a,Chinese car owner accepts 15 pancakes as compensation after food cart scratches his Range Rover,NA,Property damage,Rear end,breakfast cart,Range Rover,No,"Shenyang, China",NA,NA,morning,0,0,South China Morning Post,No,High
046126d092b8ac194c39bdf50c9045b7,"Bengaluru girl, 9, dies after father’s tractor overturns and falls into lake, sister injured: Report",NA,Fatal,Single vehicle collision,tractor,NA,No,East Bengaluru’s Whitefield area,Karnataka,NA,NA,1,2,Deccan Herald,No,NA
fe8a92f91c29b0d314ba31d87888e1e2,Two students killed in bike crash at Paud Phata flyover,Bridge/Flyover,Fatal,Single vehicle collision,motorcycle,NA,No,Kothurd,Maharashtra,NA,night,2,0,Times of India,No,High
6828447c381fea9aa40012169c53df7d,Panjab University scholar among 3 killed in late-night Mohali crash,Signalized,Fatal,Single vehicle collision,NA,Maruti Ertiga,Yes,Mohali,NA,NA,night,3,1,HT,No,NA
a177ebe655b0da8803156613fe61c752,Woman dies after being run over by JCB at Thane dumping ground,NA,Fatal,NA,JCB machine,pedestrian,No,Thane,NA,Sunday,NA,1,0,NA,Yes,NA
00b013684e43b735cc48ba02556c9bbc,Noida police explains why it delayed adding Lamborghini crash driver's name to FIR,NA,Non - fatal,Single vehicle collision,car,pedestrian,No,Noida Sector 94,NA,"Sunday, March 31, 2025",NA,0,2,Times of India,Yes,NA
24d3897416118c52bee70f2ee3f7013f,Was Noida Lamborghini speeding at 300 kmph? What initial investigation found in car crash,Roundabout,Non - fatal,Single vehicle collision,car,pedestrian,No,Noida Sector 94,NA,Sunday,NA,0,2,Times of India,Yes,NA
4cc2cd3ce527c841275301a200c5ae7f,"3 Gujarat policemen killed, cop injured in Haryana road accident",NA,Fatal,NA,truck,SUV,Yes,"Dabwali-Chautala road, Sirsa district",Haryana,Wednesday,morning,3,1,HT,No,High
610e2acf48e730a8c6f739540656d5f6,Delivery person killed by car driving on wrong side of the road in LBS Road,NA,Fatal,NA,car,scooter,No,"LBS Road, Mumbai",Maharashtra,Sunday,afternoon,1,NA,NA,No,NA
910c6569643ceea3258dd9f0d2e3a845,Telangana DSP killed as speeding bus runs over him in Rangareddy,NA,Fatal,Hit and run,bus,pedestrian,No,Rangareddy district,Telangana,NA,morning,1,0,Times of India,Yes,High
5fb1888b40e9034aae1f6b3b7695834b,Chandigarh: Porsche driver charged with culpable homicide,NA,Fatal,NA,car,scooter,yes,Sector 4 and 9,NA,March 10,night,1,2,NA,no,NA
62cb27fe158dc4976a500806960338a6,Vadodara car crash accused seen drinking from bottle minutes before accident,NA,Fatal,Multiple vehicle collision,car,two-wheelers,Yes,Vadodara,NA,NA,NA,1,4,"ANI, India Today",No,NA
194709b33e4eb5342e90b91d0c1847ec,"10 IIT students injured as vehicle falls into gorge in Sikkim, condition of three serious",NA,Non - fatal,Single vehicle collision,NA,NA,No,Sikkim's Mangan district,Sikkim,Saturday,night,0,10,Times of India,No,High
1cbe146b4ea07fac95a87f983eb332a2,"Jodhpur: Former BJP MLA’s son dies in high-speed car crash, friend hurt",Midblock,Fatal,Single vehicle collision,car,divider,No,"Nahar circle on Pal Road, Jodhpur, Rajasthan",Rajasthan,NA,night,1,1,Times of India,No,NA
f313a7c7e3d6f553df904c7663d8f58f,"Vadodara car crash: Accused Rakshit Chaurasia denies drunk driving, claims ‘lost control due to potholes’",NA,Fatal,NA,car,scooter,yes,Vadodara,Gujarat,NA,night,1,4,ANI,no,NA
271a68b901e062ccc502dc8cc0746f90,"Woman killed, four injured as law student rams car into two-wheelers in Vadodara",NA,Fatal,Rear end,car,scooter,yes,Vadodara,Gujarat,NA,night,1,4,NA,no,NA
b2a86bbb7930b96f02ebec2c3b3a58aa,"Three killed, three Injured in head-on collision of bikes in Shahjahanpur",NA,Fatal,Head On,motorcycle,motorcycle,Yes,Shahjahanpur,NA,NA,night,3,3,NA,No,NA
997b20a2ffeebd5ed65537a161ba3505,6 injured in road crash involving 3 vehicles in Thane,Highway,Non - fatal,Rear end,"truck, dumper",car,Yes,Thane city,Maharashtra,Sunday,night,0,6,NA,No,NA
21eeae61e7946748ad0f17a3f305453d,"Three dead, 20 injured in bus-lorry collision in Andhra Pradesh's Eluru",NA,Fatal,NA,bus,lorry,Yes,Eluru,Andhra Pradesh,Thursday,night,3,20,NA,No,NA
6e2df77191374d211b2fe8196ebac62d,3 killed as three lorries crash in Chitradurga,Midblock,Fatal,Rear end,lorry,lorry,Yes,Chitradurga,NA,Wednesday,morning,3,NA,HT,No,NA
e7233f471a3476d3c763e036f61b60db,"Car rams barricade at Singhu border, 1 dead",Midblock,Fatal,Single vehicle collision,car,cement jersey barricade,No,Singhu border,Delhi/Haryana,Sunday,NA,1,3,NA,No,NA
e5a44c07255f0c0196b1cd6b48d3b938,"MP: Six people from Karnataka, returning from Mahakumbh, killed in road accident",NA,Fatal,Head On,car,bus,Yes,Jabalpur district,Madhya Pradesh,NA,morning,6,2,NA,No,NA
7945cdd7e010e7885d04aabc246ccf87,Kharar man killed in truck-scooter collision in Mohali,NA,Fatal,Rear end,truck,scooter,No,"Balongi, Mohali",NA,NA,afternoon,1,0,Times of India,No,High
fb5ec0b3f52118c846dc6d1ca13b348d,18-month-old child killed by speeding car being driven by 15-year-old in Delhi,NA,Fatal,NA,car,pedestrian,yes,Delhi,Delhi,Saturday,morning,1,0,NA,yes,NA
afa61460db127793855fc974d3803eeb,4 Bengal residents killed in Dhanbad car crash en route to Maha Kumbh in Prayagraj,Highway,Fatal,Rear end,car,truck,Yes,Dhanbad district,Jharkhand,Saturday,night,4,4,NA,No,NA
e7f2ee1fc8c64b4531a3ee728a1c2773,Seven killed in 2 road mishaps in Tarn Taran,NA,Fatal,"Head On, Rear end","car, motorcycle","motorcycle, motorcycle",Yes,Tarn Taran district,NA,NA,"night, NA",7,NA,Times of India,No,NA
7dda2077fa073c34f335b16cab34af13,Maharashtra: 3 injured after SUV rams into victims in Thane housing complex,NA,Non - fatal,NA,SUV,pedestrian,No,Thane district,Maharashtra,NA,morning,0,3,NA,Yes,NA
3217eb070f7798b22be210cacb4f7dbc,"Rajasthan: 5 dead, 3 injured in road accident while returning from Maha Kumbh Mela",NA,Fatal,Rear end,car,truck,Yes,Dausa district,Rajasthan,NA,NA,5,3,NA,No,NA
3780802e00bcb45ae089fc777f79ef61,UP: 4 members of family killed in Etah district road accident,NA,Fatal,Single vehicle collision,car,NA,No,Etah district,Uttar Pradesh,Thursday,night,4,5,Hindustan Times,No,High
a87075084c604aa38233cc5b1c011b4a,"3 women labourers, toddler killed as dumper truck falls on them in Gujarat's Banaskantha",Midblock,Fatal,Single vehicle collision,truck,NA,No,"Khengarpura village, Banaskantha district, Gujarat",Gujarat,Saturday,evening,4,NA,Times of India,Yes,High
67ab9c49e648384cfadf81b198529063,"44-yr-old Bicyclist hit by car on Gurugram road, dies",NA,Fatal,NA,car,bicycle,No,"Gurugram, Sector 28",Haryana,Friday,night,1,0,Times of India,No,High
f95beed5f22a63d4a55d972bd3e18a3c,Indian-origin executive gets 25-year-jail term for drunk driving crash in New York that killed 2 teens,NA,Fatal,Head On,pickup truck,car,Yes,"Long Island, New York",New York,"May 3, 2023",NA,2,2,Hindustan Times/New York Post,No,High
f58ae82cdba66fd44f51fafa48ae8dfc,Biker crushed to death as truck topples over on Gurugram road,NA,Fatal,Single vehicle collision,truck,motorcycle,Yes,Sohna-Tauru Road,Haryana,Thursday,afternoon,1,0,HT,No,High
a93befc7461fcf85d7f3fea596253e31,Six killed in two separate truck accidents in Madhya Pradesh,Highway,Fatal,Head On,truck,truck,Yes,Madhya Pradesh,Madhya Pradesh,Thursday,"morning, night",6,1,NA,No,NA
b83473bc35286de841db39de1ba336af,"Chhattisgarh: 3 teens skip school for tractor joyride, killed in accident",NA,Fatal,Single vehicle collision,tractor,NA,No,Chhattisgarh's Dhamtari district,Chhattisgarh,Wednesday,NA,3,1,Times of India,No,High
2428f8c40132c01c684a561e88591382,"Tesla tragedy: Woman killed as car flips, goes up in flames in Manhattan",Highway,Fatal,Single vehicle collision,car,guardrail,No,"Manhattan, NYC",New York,Tuesday,night,1,1,New York Post,No,High
1e87eb0e189e5b46acbb0a595667617c,Navi Mumbai: 45-year-old man killed by 2 riders in road rage,NA,Fatal,NA,scooter,scooter,Yes,Navi Mumbai,NA,Sunday,night,1,0,Hindustan Times,No,High
04adcc23bc0cf9cc7387166ba03a9bf1,"Five pilgrims, travelling to Dwarka, killed as bus falls into gorge in Gujarat",NA,Fatal,Single vehicle collision,bus,NA,No,Dang district,Gujarat,Sunday,morning,5,17,Times of India,No,High
f6e65f8d2bd27264de4b15fc75db0690,Maha Kumbh: 10 injured after van carrying devotees overturns in UP's Barabanki,NA,Non - fatal,Single vehicle collision,van,NA,No,Safdarganj area,Uttar Pradesh,NA,evening,0,10,Hindustan Times,No,NA
5c19991b36561396ae2d6eb13864afb1,"1 dead, 11 missing as cruiser plunges into Bhakra canal in Haryana's Fatehabad",NA,Fatal,Single vehicle collision,Force Motors Cruiser,NA,No,"Sardarewala village, Ratia, Fatehabad district, Haryana",Haryana,Friday,night,1,NA,Hindustan Times,No,NA
14da1f8bd4c943de4fc50ef63af087a6,12 die as pick-up van collides with truck in Punjab’s Ferozepur,NA,Fatal,Head On,Canter truck,pick-up van,Yes,Ferozepur,Punjab,Friday,morning,12,14,HT,No,High
6f6aea60fa0d5b280fe87d5114265834,"Republic Day function turns tragic in Odisha as pick-up van overturns killing a student, 20 others injured in mishap",NA,Fatal,Single vehicle collision,van,NA,No,Cuttack district,Odisha,Sunday,NA,1,20,NA,No,NA
2f9c87f1c4ea1e08afd3248064664fb5,Man hit by car on MG Road dies; driver on the run,Midblock,Fatal,Hit and run,car,pedestrian,No,Gurugram,Haryana,Thursday,evening,1,0,Times of India,Yes,High
bab9ab9ff94daa916aee36672d110915,Man miraculously escapes unscathed after getting trapped between two buses. Video,NA,Non - fatal,Crossing (90degree),bus,bus,Yes,Pattukottai,Tamil Nadu,NA,NA,0,1,Times Now,Yes,NA
48d856df73d76812073333ce48ec11af,Angelina Jolie and Brad Pitt's son Pax met with another e-bike crash after six months,NA,Non - fatal,Rear end,e-bike,car,Yes,"Hollywood, Los Angeles",California,NA,morning,0,0,Times of India,No,High
5772b78ab2660eb981242c661ed0e3ca,"Bihar: Truck driver, one other killed after vehicle catches fire",NA,Fatal,Single vehicle collision,truck,NA,No,Bhojpur district,Bihar,NA,night,2,0,Hindustan Times,No,NA
3e6960726e50e28edaff8d7e1bec649e,"Jalgaon accident: 12 passengers jump out fearing fire, run over by another train",NA,Fatal,NA,train,pedestrian,Yes,Jalgaon district,Maharashtra,NA,evening,12,NA,ANI,Yes,NA
e723fc0fa2a5bae93fa65354b2c73306,Shocking CCTV video shows car plummeting from first floor of Pune apartment,NA,Non - fatal,Single vehicle collision,car,NA,No,"Viman Nagar, Pune",NA,Sunday,morning,0,0,NA,No,NA
a13d897d6af7a680b616b90bb1af58bf,"Gurugram: Retired army colonel runs over woman with his SUV in Ardee city, held",NA,Fatal,Hit and run,SUV,pedestrian,Yes,Gurugram,Haryana,Sunday,afternoon,1,NA,Times of India,Yes,High
1998b2f8a82b3f5df98ed74b4675985c,Himachal Pradesh: 2 brothers dead after cement-laden truck plunges into ravine in Shimla,NA,Fatal,Single vehicle collision,truck,NA,No,Shimla district,Himachal Pradesh,NA,night,2,0,PTI,No,High
0efeb914ce5e651d442db50c70db1b3d,"Speeding truck loses control in Shimla, crashes into multiple cars in shocking video",NA,Non - fatal,Rear end,truck,car,Yes,Shimla,Himachal Pradesh,NA,NA,0,0,NA,No,NA
5fb823af02fc8727fa7c9546e020815e,"Fire breaks out in Navi Mumbai bus, close shave for 22 passengers",NA,NA,NA,NA,bus,NA,Navi Mumbai,Maharashtra,Thursday,morning,0,0,NA,NA,NA
89b2095312cbad5bd75d660377e20848,Mother-son duo run over by garbage truck in Kalyan,NA,Fatal,NA,truck,pedestrian,No,Kalyan West,Maharashtra,NA,noon,2,0,Times of India,Yes,High
0c5e35fded8ce3885fd1eaff1ecbde90,Two children among 3 killed as truck collides with motorcycle on Shikrapur-Chakan Road,NA,Fatal,Head On,truck,motorcycle,Yes,Shikrapur-Chakan Road,NA,NA,NA,3,NA,NA,No,NA
ba216174c58cc42979a8f20cee26faea,"Odisha: 2 BJP leaders killed in car-truck collision, survivor suspects ‘deliberate attack’",Highway,Fatal,Rear end,truck,car,Yes,Sambalpur district,Odisha,Sunday,night,2,4,NA,No,NA
89dc0bc67d380bff1b4dd5fc9452a1e7,"Mumbai: Trailer collides with parked vehicles in Dharavi, none injured",NA,Non - fatal,Rear end,trailer,"car, taxi, tempo",Yes,"Dharavi, Mumbai",Maharashtra,Friday,morning,0,0,Hindustan Times,No,High
1b8500a3aaf8edaf3969d3dcadc62abf,"Caught on camera: Two women thrown off scooty, narrowly escape tragedy after hitting car",NA,Non - fatal,Rear end,car,scooty,Yes,NA,NA,NA,NA,0,0,Times of India,No,Low
d2e126562c2996bf46943f5c2b448006,"4 dead, one injured in collision with parked truck on Delhi-Haridwar highway",Highway,Fatal,Rear end,car,truck,Yes,Bahadarabad police station area,Haryana,NA,night,4,1,NA,No,NA
39a54d5981673447b983a440dc93f00d,45 injured in bus crash on Delhi-Mumbai expressway due to heavy fog conditions,Highway,Non - fatal,Rear end,bus,truck,Yes,Dausa district,Rajasthan,NA,NA,0,45,NA,No,NA
05337646edcabb02e9aa48b751c887a4,Road mishap claim three lives in Himachal’s Theog,NA,Fatal,Single vehicle collision,car,NA,No,"Theog, Shimla district",Himachal,New Year Eve,night,3,0,HT,No,High
d21c92d9f13395aa8cf4bfd8f056921e,Death toll rises to 71 in Southern Ethiopia road accident,NA,Fatal,Single vehicle collision,NA,NA,No,"Sidama state, Eastern Zone, Bona Zuria Woreda",Southern Ethiopia,NA,evening,71,2,NA,NA,NA
d66938497aad8c2cb7cd7d92cae8c77d,"Actor Urmila Kothare's car runs over labourers in Mumbai, 1 killed",Midblock,Fatal,Single vehicle collision,car,pedestrian,No,Mumbai's Kandivali,Maharashtra,NA,night,1,2,NA,Yes,NA
09fe50aa72bddbf082f4ca72c60bc356,Delhi: 54-year-old dead in late night crash near Chanakyapuri,Signalized,Fatal,Crossing (90degree),SUV,van,Yes,Chanakyapuri,Delhi,Thursday,morning,1,2,Hindustan Times,No,High
73ee4f8569ee1d68d25c44dfedbf4d74,Caught on cam: Speeding truck driver drags two men on Agra Highway,Highway,Non - fatal,NA,truck,motorcycle,Yes,Agra highway,Uttar Pradesh,NA,NA,0,1,NA,No,NA
6b8416da612808c194424efb1c981df6,Road rage caught on cam: Truck's reckless manoeuvre sends biker tumbling on mountain road,NA,Non - fatal,NA,truck,motorcycle,false,NA,NA,NA,NA,0,0,Times of India,false,Low
2f05f8fa35f24085b6053ee1bd4c1045,Biker dies after being hit by unidentified vehicle on SCLR,Highway,Fatal,Hit and run,NA,motorcycle,Yes,Mumbai,Maharashtra,Sunday,morning,1,0,Times of India,No,High
911c5b5cf2b90947052233fcbe9d273f,"Horrific Bengaluru accident that killed CEO, his family in Volvo sparks debate on road safety",Highway,Fatal,Head On,truck,car,Yes,Bengaluru,Karnataka,NA,NA,6,NA,Times of India,No,NA
f7a96c9cc2e98ee2e1ecf1dd0f220e64,How heroic 20-year-old saved 30 burn victims of Jaipur LPG tanker blast,Highway,Fatal,Rear end,truck,LPG tanker,Yes,Jaipur-Ajmer National Highway,NA,Friday,NA,14,30,Times of India,No,NA
4bf4ab04f17c98a27e231e03c38f0409,"4-year-old boy run over by speeding car in Mumbai, teen driver arrested",NA,Fatal,NA,car,pedestrian,No,Mumbai,Maharashtra,"Dec 21, 2024",NA,1,0,Hindustan Times,Yes,High
dfbfc81ebaf8be127fe8c513783152a4,"Caught on CCTV: Car flips 8 times on Rajasthan highway, passengers escape unhurt, ask for tea",Highway,Non - fatal,Single vehicle collision,SUV,NA,No,Nagaur district,Rajasthan,Friday,NA,0,0,NDTV,No,NA
e18a44613a0712121ddaa94f8d975942,Jaipur gas tanker crash: CCTV shows fire sweeping nearby property moments after accident | Video,Highway,Fatal,NA,truck,NA,Yes,Jaipur-Ajmer highway,Rajasthan,NA,morning,7,35,NA,NA,NA
eafd24d181a187f8187a9f54b7e8f708,"Ludhiana: Driver charred to death as truck overturns, catches fire",Bridge/Flyover,Fatal,Single vehicle collision,truck,railing of a bridge,No,"Transport Nagar, Ludhiana",Punjab,Thursday,morning,1,0,Hindustan Times,No,High
069a13338c936f7b6d2ac910f6381ffa,"Gujarat: Bus accident in Bhavnagar kills 6, leaves 10 injured",Highway,Fatal,Rear end,bus,truck,Yes,Bhavnagar district,Gujarat,Tuesday,morning,6,10,PTI,No,High
dc95b8674609bc9d75244318a4349589,Mumbai: Death toll rises to 8 in Kurla BEST bus accident as man succumbs to injuries,Midblock,Fatal,NA,bus,"car, pedestrian",yes,"Kurla, Mumbai",Maharashtra,December 9,NA,8,42,PTI,yes,NA
54b2de7ea0d0e5825131a6f9f7c4f75b,"25-year-old biker killed after being hit by bus in Mumbai, days after deadly Kurla accident",NA,Fatal,Hit and run,bus,motorcycle,No,Mumbai,NA,NA,night,1,0,NA,No,NA
c0e7b8609ef1e8788ed3281c4d2ff3c3,"Dutee Chand stops truck after accident, police detain driver for questioning",NA,Non - fatal,Rear end,truck,car,Yes,"OMP Square, Cuttack",NA,NA,evening,0,0,NA,No,NA
ba92d8d53be0d36856149d28a86128e8,"Indian student dies, 4 injured after horrific car crash in UK's Leicestershire",NA,Fatal,Single vehicle collision,car,NA,No,"Leicestershire, UK",NA,NA,morning,1,4,REUTERS,No,High
3d6e2b0c2a546a64769b89ba22a54243,Teenage boy crashes Porsche car into motorcycles in Mumbai's Bandra,Midblock,Non - fatal,Single vehicle collision,car,motorcycle,Yes,"Bandra, Mumbai",Maharashtra,Saturday,morning,0,0,NA,No,NA
f8337def3342145e9c30570202a06812,IPS officer en route to join duty dies in road accident in Hassan,Highway,Fatal,Single vehicle collision,jeep,coconut tree,No,"Kittanegadi village, Hassan taluk",Karnataka,Sunday,evening,1,0,Hindustan Times,No,High
2b5663e38557dce255d28824423414f1,Krushna Abhishek shares wife Kashmera Shah is doing fine after her accident: She is a strong woman,NA,Non - fatal,NA,NA,glass mirror,NA,Palm Springs,NA,NA,NA,0,1,NA,Yes,NA
da5f41a84a1e29c4696ff455293fe46c,Man survives crash with miraculous landing on pickup truck bonnet after hitting divider. Video,Midblock,Non - fatal,Single vehicle collision,scooter,pickup truck,Yes,NA,NA,NA,NA,0,0,NA,No,NA
7ff2ada5b78d3c80a9d8ef6487554e6c,Two bus routes discontinued after fatal accident are now back in Uran,NA,Fatal,NA,bus,"motorcycle, tempo",Yes,Khopta-Koproli road,NA,February 8,NA,1,1,NA,No,NA
07f9c2caa09c3f7be2c2512a2652eb6d,UP: Five doctors killed after car collides with truck in Kannauj,Highway,Fatal,Head On,truck,car,Yes,Kannauj,Uttar Pradesh,NA,morning,5,1,NA,No,NA
166b99feb0f769de57d4cfcaacb0173c,Dehradun accident: Police try to piece together what led to Innova crash that killed 6 students,NA,Fatal,Rear end,Innova (MUV),container truck,Yes,Dehradun's ONGC Chowk,Uttarakhand,NA,night,6,1,Times of India,No,NA
38472254a8bf707d94d90311beb4d707,Noida: Mad dash to admit sick child ends in death of 5 of family in accident,Highway,Fatal,Rear end,car,truck,Yes,Noida-Greater Noida Expressway,NA,NA,night,5,0,Hindustan Times,No,High
dcda958afc2e0a06d48da2d20e0f080b,"Chain accident between BMTC bus, truck and a car kills two on Bengaluru’s Airport Road: Report",Bridge/Flyover,Fatal,Rear end,BMTC Volvo bus,cement truck,Yes,Bengaluru,Karnataka,NA,night,2,Several,NA,No,NA
325ac397ecfe8d2bd675be739a7365e4,Teens on way to college die in car crash on Gurugram Expressway; 2 more wounded,Highway,Fatal,Head On,car,car,Yes,Gurugram,Haryana,NA,NA,2,3,NA,No,NA
fc37cd7f8d6465145940560388a715e7,"J&K: 3 killed, 4 critically injured as Eeco van falls into gorge in Reasi district",NA,Fatal,Single vehicle collision,van,NA,No,Chassana area of Reasi district,Jammu and Kashmir,Saturday,NA,3,4,Times of India,No,High
1158bedf0cbaaecf1117cc2bc67ed8f8,Video: Kerala CM Pinarayi Vijayan's convoy involved in pile-up in Thiruvananthapuram,NA,Non - fatal,Rear end,car,scooter,Yes,"Vamanapuram Park junction, Thiruvananthapuram district",Kerala,NA,evening,0,0,PTI,No,NA
dccf71429a2c220bda66dc8e3f3a8039,25-year-old pillion rider mowed down after falling from bike,Highway,Fatal,Hit and run,NA,scooter,Yes,Western Express Highway (WEH) near Mahim,Mumbai,Sunday,night,1,1,Times of India,No,High
ddeae9e97dec4a051f34787a981bf922,"Teen run over by train while crossing railway track, dies",Level crossing,Fatal,NA,train,pedestrian,No,"Seawoods station, Navi Mumbai",NA,NA,afternoon,1,0,Times of India,Yes,High
b01af0d9b33f1a38847ccd800b872ee1,"Odisha man visits hospital after being hit by truck, doctors allegedly steal his organs",NA,Fatal,NA,truck,motorcycle,Yes,Rampur,Odisha,October 13,NA,1,NA,NA,No,NA
fff58d5f607202687131c3ebb8ebdf17,2 dead as car hits toll staffers in Una,Midblock,Fatal,Single vehicle collision,car,pedestrian,No,"Ajouli toll barrier, Una district, Himachal Pradesh",Himachal Pradesh,NA,evening,2,1,HT,Yes,NA
4b510b46fec1f2f94d32d5bc7e2831fb,"28-year-old Bengaluru woman dragged by cab for 40 feet after colliding with BMTC bus, dies: Report",NA,Fatal,Rear end,"bus, cab",scooter,Yes,Bengaluru,Karnataka,NA,morning,1,NA,The Indian Express,No,High
01edd75e924429be559aeedc248e23bf,Two killed after being run over by speeding truck on Sohna Road,Roundabout,Fatal,Hit and run,truck,motorcycle,Yes,"Sohna Road, Gurugram",Haryana,Tuesday,afternoon,2,0,Times of India,No,High
f7a4f381c5283aacebb38e2ad4404fab,2 die as car with polls officials plunges into gorge in Reasi,NA,Fatal,Single vehicle collision,car,NA,No,Reasi district,NA,Tuesday,NA,2,0,Times of India,No,High
84db64c900eb1daa6fae2c321e21a4f0,Disturbing video shows KSRTC bus run over woman in Karnataka's Tumakuru,Midblock,Non - fatal,Hit and run,bus,pedestrian,No,Tumakuru,Karnataka,NA,NA,0,1,Times of India,Yes,NA
750516da5ac6c776f84a1a99ffb77ec6,NA,Midblock,Non - fatal,Single vehicle collision,car,divider,No,Mumbai,NA,NA,morning,0,1,NA,No,NA
011416eb9bc11ca75a989f0bc2f85dbc,"Video: Pune civic body truck falls into sinkhole, driver escapes unhurt",NA,Non - fatal,Single vehicle collision,truck,NA,No,"Budhwar Peth area, Pune",Maharashtra,NA,evening,0,0,PTI,No,High
2c4eb93afef28e7862532043c36dc7db,"Gurugram accident: Biker's friend says police didn't collect video as evidence, mother questions SUV driver's bail",NA,Fatal,NA,SUV,motorcycle,Yes,"Golf Course Road, Gurugram",Haryana,NA,NA,1,NA,India Today,No,NA
a0c1e0b82b2907629eb1914e5459f191,"Injured in freak accident, Nawab Malik’s son-in-law still critical",NA,Non - fatal,Rear end,car,pedestrian,No,Mumbai,Maharashtra,NA,morning,0,2,Hindustan Times,Yes,High
ee41ad2a7171a3f42038eab6954b5c61,Electrician hit by car succumbs to injuries after a day,NA,Fatal,Crossing (90degree),car,pedestrian,No,Borivali,Mumbai,Sunday,evening,1,0,NA,Yes,NA
502ea4ad64b4a40e556bb934cf924508,One killed after speeding tempo rams several vehicles,NA,Fatal,Rear end,tempo,"car, motorcycle, autorickshaw",Yes,Karishma Chowk,NA,Sunday,evening,1,3,Hindustan Times,No,High
279ba424587aef4b0f9c04ef4ab7e264,"One dead, two injured after showroom driver out on test drive rams into them",Bridge/Flyover,Fatal,Rear end,car,scooter,Yes,Mumbai,Maharashtra,Sunday,afternoon,1,2,HT,No,High
b8b3833b170e84b475dae2f6168b9476,Young woman’s life cut short by crazed bus passenger,Signalized,Fatal,Rear end,bus,scooter,Yes,Mumbai,Maharashtra,"September 2, 2024",evening,1,9,Hindustan Times,Yes,High
d7f76840e42ce13c5c8ae5d0041dc0ef,Four of a family from Belagavi killed in road accident in Oman,NA,Fatal,Head On,car,truck,Yes,Haima region of capital city Oman,NA,Thursday,evening,4,1,Hindustan Times,No,High
4ab565555e85718765f5e9e8c5002bc8,Minor detained after SUV mows down man in Mumbai; 2 others arrested: Police,NA,Fatal,NA,SUV car,motorcycle,No,Mumbai’s Goregaon east,NA,NA,night,1,NA,HT,No,NA
